<?xml version='1.0'?>
<module>
<exporttime>2017年12月22日18:06:00</exporttime>
<name>Chinese(Simplified)</name>
<label>简体中文</label>
<prefix>zh_cn</prefix>
<type>language</type>
<dependencies>
<vtiger_version>4.2.99999</vtiger_version>
</dependencies>
 <license>
   <inline><![CDATA[
 ********************************************************************************
 *  Language     : 简体中文
 *  Version      : 4.2.514
 *  Author       : idercn.com | http://www.idercn.com
 *  Update Date  : 2017年12月22日
  ********************************************************************************  
 * 此语言包版权如下所示：
 * 此文件内容受 vtigerCRM 的公共许可证1.0版保护，
 * 使用此文件表示您已默认遵守相关许可规定。
 * 您可以在遵守此许可证 "AS IS" 的基础上对软件进行分发。
 * 此语言包遵循 知识共享署名-非商业性使用-相同方式共享 2.5 中国大陆许可协议(Creative Commons) 2.5，
 * 大家可以免费下载使用，但请注明来源，并署名 · 非商业性使用 · 相同方式共享。
 * idercn无任何形式的担保，明示或暗示的保证。
 ********************************************************************************
]]></inline>
  </license>
</module>
